tarea,dataset,modelo,params,backend,calibracion,n,semillas,auroc,accuracy,precision,recall,f1,brier,ece,items_s,vram_gb
binario,sms-spam,qwen2.5-3b,3B,gpu,ninguna,400,1,0.9825,0.8250,0.4524,0.9828,0.6196,0.1588,0.1700,51.0,2.2
binario,sms-spam,qwen2.5-3b,3B,gpu,temperature,400,1,0.9825,0.8250,0.4524,0.9828,0.6196,0.1231,0.2115,51.0,2.2
binario,sms-spam,qwen2.5-3b,3B,gpu,platt,400,1,0.9825,0.9500,0.7568,0.9655,0.8485,0.0439,0.0658,51.0,2.2
binario,sms-spam,qwen2.5-3b,3B,cpu,platt,400,1,0.9780,0.9425,0.7333,0.9483,0.8271,0.0487,0.0438,0.9,0
binario,sms-spam,qwen2.5-3b-8shot,3B,gpu,platt,400,1,0.9647,0.9350,0.9211,0.6034,0.7292,0.0474,0.0393,45.8,2.2
binario,sms-spam,qwen2.5-7b,7B,gpu,platt,400,1,0.9455,0.9150,0.6333,0.9828,0.7703,0.0611,0.0365,31.4,4.7
binario,sms-spam,qwen3-4b-nothink,4B,gpu,ninguna,400,1,0.9806,0.6825,0.3115,0.9828,0.4730,0.2669,0.4063,33.0,3.2
binario,sms-spam,qwen3-4b-nothink,4B,gpu,platt,400,1,0.9806,0.9750,0.9000,0.9310,0.9153,0.0294,0.0484,33.0,3.2
binario,sms-spam,gemma-3-4b-it,4B,gpu,platt,400,1,0.9654,0.8550,0.0000,0.0000,0.0000,0.0837,0.1306,20.3,5.1
binario,sms-spam,laya,421M,gpu,ninguna,400,1,0.9881,0.8450,0.4833,1.0000,0.6517,0.1094,0.1967,29.1,0.9
binario,sms-spam,laya,421M,gpu,platt,400,1,0.9881,0.9650,0.9400,0.8103,0.8704,0.0304,0.0500,29.1,0.9
binario,sms-spam,laya,421M,cpu,platt,400,1,0.9881,0.9650,0.9400,0.8103,0.8704,0.0301,0.0503,1.5,0
binario,sms-spam,gliclass,151M,cpu,platt,400,1,0.7297,0.8550,0.0000,0.0000,0.0000,0.1111,0.0189,,
multiclase,agnews,laya,421M,gpu,ninguna,500,5,,0.9260,,,0.9265,0.0556,0.0194,27.0,0.9
multiclase,agnews,qwen3-4b-nothink,4B,gpu,ninguna,500,5,,0.8412,,,0.8402,0.1430,0.1399,18.1,3.2
multiclase,banking77-40,laya,421M,gpu,ninguna,500,5,,0.5652,,,0.5469,0.3887,0.3964,25.1,0.9
multiclase,banking77-40,qwen3-4b-nothink,4B,gpu,ninguna,500,5,,0.4376,,,0.4774,0.3627,0.3528,0.71,3.2
multiclase,banking77-77,laya,421M,gpu,ninguna,300,1,,0.3600,,,0.3262,0.4727,0.5100,12.1,0.9
multiclase,banking77-77,qwen3-4b-nothink,4B,gpu,ninguna,300,1,,0.0833,,,0.0245,0.0697,0.0317,0.4,3.2
binario,sms-spam,jev-1.13,,api,ninguna,400,1,0.9980,0.9725,0.8615,0.9655,0.9106,0.0202,0.0744,4.2,
binario,sms-spam,jev-1.13,,api,platt,400,1,0.9980,0.9850,0.9643,0.9310,0.9474,0.0127,0.0193,4.2,
multiclase,agnews,jev-1.13,,api,ninguna,500,5,,0.8644,,,0.8638,0.1063,0.0861,,
multiclase,banking77-40,jev-1.13,,api,ninguna,500,5,,0.8612,,,0.8561,0.0920,0.0592,,
multiclase,banking77-77,jev-1.13,,api,ninguna,300,1,,0.8067,,,0.7766,0.1192,0.0790,,
